AA,CCA_retention_ratio,T-half
Ala,0.021098353,6
Arg,0.083384722,12
Asn,0.025127821,11
Asp,0.296893363,11
Cys,0.369725385,16
Gln,0.186391414,9
Glu,0.175023971,9
Gly,0.083533138,8
His,0.395463776,16
Ile,0.868831727,65
Leu,0.093991544,7
Lys,0.201131838,14
Met,0.169754105,12
Phe,0.394813576,16
Pro,0.01539256,2
Ser,0.440526127,17
Thr,0.658714556,38
Trp,0.340454881,
Tyr,0.342583629,15
Val,0.742854955,60